{
  "main": {
    "af-NA": {
      "identity": {
        "version": {
          "_cldrVersion": "37"
        },
        "language": "af",
        "territory": "NA"
      },
      "dates": {
        "fields": {
          "era": {
            "displayName": "era"
          },
          "era-short": {
            "displayName": "era"
          },
          "era-narrow": {
            "displayName": "era"
          },
          "year": {
            "displayName": "jaar",
            "relative-type--1": "verlede jaar",
            "relative-type-0": "hierdie jaar",
            "relative-type-1": "volgende jaar",
            "relativeTime-type-future": {
              "relativeTimePattern-count-one": "oor {0} jaar",
              "relativeTimePattern-count-other": "oor {0} jaar"
            },
            "relativeTime-type-past": {
              "relativeTimePattern-count-one": "{0} jaar gelede",
              "relativeTimePattern-count-other": "{0} jaar gelede"
            }
          },
          "year-short": {
            "displayName": "j.",
            "relative-type--1": "verlede j.",
            "relative-type-0": "hierdie j.",
            "relative-type-1": "volgende j.",
            "relativeTime-type-future": {
              "relativeTimePattern-count-one": "oor {0} j.",
              "relativeTimePattern-count-other": "oor {0} j."
            },
            "relativeTime-type-past": {
              "relativeTimePattern-count-one": "{0} j. gelede",
              "relativeTimePattern-count-other": "{0} j. gelede"
            }
          },
          "year-narrow": {
            "displayName": "j.",
            "relative-type--1": "verlede j.",
            "relative-type-0": "hierdie j.",
            "relative-type-1": "volgende j.",
            "relativeTime-type-future": {
              "relativeTimePattern-count-one": "oor {0} j.",
              "relativeTimePattern-count-other": "oor {0} j."
            },
            "relativeTime-type-past": {
              "relativeTimePattern-count-one": "{0} j. gelede",
              "relativeTimePattern-count-other": "{0} j. gelede"
            }
          },
          "quarter": {
            "displayName": "kwartaal",
            "relative-type--1": "verlede kwartaal",
            "relative-type-0": "hierdie kwartaal",
            "relative-type-1": "volgende kwartaal",
            "relativeTime-type-future": {
              "relativeTimePattern-count-one": "oor {0} kwartaal",
              "relativeTimePattern-count-other": "oor {0} kwartale"
            },
            "relativeTime-type-past": {
              "relativeTimePattern-count-one": "{0} kwartaal gelede",
              "relativeTimePattern-count-other": "{0} kwartale gelede"
            }
          },
          "quarter-short": {
            "displayName": "kw.",
            "relative-type--1": "verlede kwartaal",
            "relative-type-0": "hierdie kwartaal",
            "relative-type-1": "volgende kwartaal",
            "relativeTime-type-future": {
              "relativeTimePattern-count-one": "oor {0} kw.",
              "relativeTimePattern-count-other": "oor {0} kw."
            },
            "relativeTime-type-past": {
              "relativeTimePattern-count-one": "{0} kw. gelede",
              "relativeTimePattern-count-other": "{0} kw. gelede"
            }
          },
          "quarter-narrow": {
            "displayName": "kw.",
            "relative-type--1": "verlede kwartaal",
            "relative-type-0": "hierdie kwartaal",
            "relative-type-1": "volgende kwartaal",
            "relativeTime-type-future": {
              "relativeTimePattern-count-one": "oor {0} kw.",
              "relativeTimePattern-count-other": "oor {0} kw."
            },
            "relativeTime-type-past": {
              "relativeTimePattern-count-one": "{0} kw. gelede",
              "relativeTimePattern-count-other": "{0} kw. gelede"
            }
          },
          "month": {
            "displayName": "maand",
            "relative-type--1": "verlede maand",
            "relative-type-0": "vandeesmaand",
            "relative-type-1": "volgende maand",
            "relativeTime-type-future": {
              "relativeTimePattern-count-one": "oor {0} maand",
              "relativeTimePattern-count-other": "oor {0} maande"
            },
            "relativeTime-type-past": {
              "relativeTimePattern-count-one": "{0} maand gelede",
              "relativeTimePattern-count-other": "{0} maande gelede"
            }
          },
          "month-short": {
            "displayName": "md.",
            "relative-type--1": "verlede md.",
            "relative-type-0": "hierdie md.",
            "relative-type-1": "volgende md.",
            "relativeTime-type-future": {
              "relativeTimePattern-count-one": "oor {0} md.",
              "relativeTimePattern-count-other": "oor {0} md."
            },
            "relativeTime-type-past": {
              "relativeTimePattern-count-one": "{0} md. gelede",
              "relativeTimePattern-count-other": "{0} md. gelede"
            }
          },
          "month-narrow": {
            "displayName": "md.",
            "relative-type--1": "verlede md.",
            "relative-type-0": "hierdie md.",
            "relative-type-1": "volgende md.",
            "relativeTime-type-future": {
              "relativeTimePattern-count-one": "oor {0} md.",
              "relativeTimePattern-count-other": "oor {0} md."
            },
            "relativeTime-type-past": {
              "relativeTimePattern-count-one": "{0} md. gelede",
              "relativeTimePattern-count-other": "{0} md. gelede"
            }
          },
          "week": {
            "displayName": "week",
            "relative-type--1": "verlede week",
            "relative-type-0": "hierdie week",
            "relative-type-1": "volgende week",
            "relativeTime-type-future": {
              "relativeTimePattern-count-one": "oor {0} week",
              "relativeTimePattern-count-other": "oor {0} weke"
            },
            "relativeTime-type-past": {
              "relativeTimePattern-count-one": "{0} week gelede",
              "relativeTimePattern-count-other": "{0} weke gelede"
            },
            "relativePeriod": "die week van {0}"
          },
          "week-short": {
            "displayName": "wk.",
            "relative-type--1": "verlede w.",
            "relative-type-0": "hierdie w.",
            "relative-type-1": "volgende w.",
            "relativeTime-type-future": {
              "relativeTimePattern-count-one": "oor {0} w.",
              "relativeTimePattern-count-other": "oor {0} w."
            },
            "relativeTime-type-past": {
              "relativeTimePattern-count-one": "{0} w. gelede",
              "relativeTimePattern-count-other": "{0} w. gelede"
            },
            "relativePeriod": "die week van {0}"
          },
          "week-narrow": {
            "displayName": "wk.",
            "relative-type--1": "verlede w.",
            "relative-type-0": "hierdie w.",
            "relative-type-1": "volgende w.",
            "relativeTime-type-future": {
              "relativeTimePattern-count-one": "oor {0} w.",
              "relativeTimePattern-count-other": "oor {0} w."
            },
            "relativeTime-type-past": {
              "relativeTimePattern-count-one": "{0} w. gelede",
              "relativeTimePattern-count-other": "{0} w. gelede"
            },
            "relativePeriod": "die week van {0}"
          },
          "weekOfMonth": {
            "displayName": "week van maand"
          },
          "weekOfMonth-short": {
            "displayName": "wk. v. md."
          },
          "weekOfMonth-narrow": {
            "displayName": "wk. v. md."
          },
          "day": {
            "displayName": "dag",
            "relative-type--2": "eergister",
            "relative-type--1": "gister",
            "relative-type-0": "vandag",
            "relative-type-1": "môre",
            "relative-type-2": "oormôre",
            "relativeTime-type-future": {
              "relativeTimePattern-count-one": "oor {0} dag",
              "relativeTimePattern-count-other": "oor {0} dae"
            },
            "relativeTime-type-past": {
              "relativeTimePattern-count-one": "{0} dag gelede",
              "relativeTimePattern-count-other": "{0} dae gelede"
            }
          },
          "day-short": {
            "displayName": "d.",
            "relative-type--2": "eergister",
            "relative-type--1": "gister",
            "relative-type-0": "vandag",
            "relative-type-1": "môre",
            "relative-type-2": "oormôre",
            "relativeTime-type-future": {
              "relativeTimePattern-count-one": "oor {0} dag",
              "relativeTimePattern-count-other": "oor {0} dae"
            },
            "relativeTime-type-past": {
              "relativeTimePattern-count-one": "{0} dag gelede",
              "relativeTimePattern-count-other": "{0} dae gelede"
            }
          },
          "day-narrow": {
            "displayName": "d.",
            "relative-type--2": "eergister",
            "relative-type--1": "gister",
            "relative-type-0": "vandag",
            "relative-type-1": "môre",
            "relative-type-2": "oormôre",
            "relativeTime-type-future": {
              "relativeTimePattern-count-one": "oor {0} dag",
              "relativeTimePattern-count-other": "oor {0} dae"
            },
            "relativeTime-type-past": {
              "relativeTimePattern-count-one": "{0} dag gelede",
              "relativeTimePattern-count-other": "{0} dae gelede"
            }
          },
          "dayOfYear": {
            "displayName": "dag van jaar"
          },
          "dayOfYear-short": {
            "displayName": "dag van j."
          },
          "dayOfYear-narrow": {
            "displayName": "dag van j."
          },
          "weekday": {
            "displayName": "dag van die week"
          },
          "weekday-short": {
            "displayName": "dag van wk."
          },
          "weekday-narrow": {
            "displayName": "dag van wk."
          },
          "weekdayOfMonth": {
            "displayName": "weekdag van die jaar"
          },
          "weekdayOfMonth-short": {
            "displayName": "wk.-dag van md."
          },
          "weekdayOfMonth-narrow": {
            "displayName": "wk.-dag van md."
          },
          "sun": {
            "relative-type--1": "verlede Sondag",
            "relative-type-0": "hierdie Sondag",
            "relative-type-1": "volgende Sondag",
            "relativeTime-type-future": {
              "relativeTimePattern-count-one": "oor {0} Sondag",
              "relativeTimePattern-count-other": "oor {0} Sondae"
            },
            "relativeTime-type-past": {
              "relativeTimePattern-count-one": "{0} Sondag gelede",
              "relativeTimePattern-count-other": "{0} Sondae gelede"
            }
          },
          "sun-short": {
            "relative-type--1": "verlede So.",
            "relative-type-0": "hierdie So.",
            "relative-type-1": "volgende So.",
            "relativeTime-type-future": {
              "relativeTimePattern-count-one": "oor {0} So.",
              "relativeTimePattern-count-other": "oor {0} So."
            },
            "relativeTime-type-past": {
              "relativeTimePattern-count-one": "{0} So. gelede",
              "relativeTimePattern-count-other": "{0} So. gelede"
            }
          },
          "sun-narrow": {
            "relative-type--1": "verlede So.",
            "relative-type-0": "hierdie So.",
            "relative-type-1": "volgende So.",
            "relativeTime-type-future": {
              "relativeTimePattern-count-one": "oor {0} So.",
              "relativeTimePattern-count-other": "oor {0} So."
            },
            "relativeTime-type-past": {
              "relativeTimePattern-count-one": "{0} So. gelede",
              "relativeTimePattern-count-other": "{0} So. gelede"
            }
          },
          "mon": {
            "relative-type--1": "verlede Maandag",
            "relative-type-0": "hierdie Maandag",
            "relative-type-1": "volgende Maandag",
            "relativeTime-type-future": {
              "relativeTimePattern-count-one": "oor {0} Maandag",
              "relativeTimePattern-count-other": "oor {0} Maandae"
            },
            "relativeTime-type-past": {
              "relativeTimePattern-count-one": "{0} Maandag gelede",
              "relativeTimePattern-count-other": "{0} Maandae gelede"
            }
          },
          "mon-short": {
            "relative-type--1": "verlede Ma.",
            "relative-type-0": "hierdie Ma.",
            "relative-type-1": "volgende Ma.",
            "relativeTime-type-future": {
              "relativeTimePattern-count-one": "oor {0} Ma.",
              "relativeTimePattern-count-other": "oor {0} Ma."
            },
            "relativeTime-type-past": {
              "relativeTimePattern-count-one": "{0} Ma. gelede",
              "relativeTimePattern-count-other": "{0} Ma. gelede"
            }
          },
          "mon-narrow": {
            "relative-type--1": "verlede Ma.",
            "relative-type-0": "hierdie Ma.",
            "relative-type-1": "volgende Ma.",
            "relativeTime-type-future": {
              "relativeTimePattern-count-one": "oor {0} Ma.",
              "relativeTimePattern-count-other": "oor {0} Ma."
            },
            "relativeTime-type-past": {
              "relativeTimePattern-count-one": "{0} Ma. gelede",
              "relativeTimePattern-count-other": "{0} Ma. gelede"
            }
          },
          "tue": {
            "relative-type--1": "verlede Dinsdag",
            "relative-type-0": "hierdie Dinsdag",
            "relative-type-1": "volgende Dinsdag",
            "relativeTime-type-future": {
              "relativeTimePattern-count-one": "oor {0} Dinsdag",
              "relativeTimePattern-count-other": "oor {0} Dinsdae"
            },
            "relativeTime-type-past": {
              "relativeTimePattern-count-one": "{0} Dinsdag gelede",
              "relativeTimePattern-count-other": "{0} Dinsdae gelede"
            }
          },
          "tue-short": {
            "relative-type--1": "verlede Di.",
            "relative-type-0": "hierdie Di.",
            "relative-type-1": "volgende Di.",
            "relativeTime-type-future": {
              "relativeTimePattern-count-one": "oor {0} Di.",
              "relativeTimePattern-count-other": "oor {0} Di."
            },
            "relativeTime-type-past": {
              "relativeTimePattern-count-one": "{0} Di. gelede",
              "relativeTimePattern-count-other": "{0} Di. gelede"
            }
          },
          "tue-narrow": {
            "relative-type--1": "verlede Di.",
            "relative-type-0": "dié Di.",
            "relative-type-1": "volgende Di.",
            "relativeTime-type-future": {
              "relativeTimePattern-count-one": "oor {0} Di.",
              "relativeTimePattern-count-other": "oor {0} Di."
            },
            "relativeTime-type-past": {
              "relativeTimePattern-count-one": "{0} Di. gelede",
              "relativeTimePattern-count-other": "{0} Di. gelede"
            }
          },
          "wed": {
            "relative-type--1": "verlede Woensdag",
            "relative-type-0": "hierdie Woensdag",
            "relative-type-1": "volgende Woensdag",
            "relativeTime-type-future": {
              "relativeTimePattern-count-one": "oor {0} Woensdag",
              "relativeTimePattern-count-other": "oor {0} Woensdae"
            },
            "relativeTime-type-past": {
              "relativeTimePattern-count-one": "{0} Woensdag gelede",
              "relativeTimePattern-count-other": "{0} Woensdae gelede"
            }
          },
          "wed-short": {
            "relative-type--1": "verlede Wo.",
            "relative-type-0": "hierdie Wo.",
            "relative-type-1": "volgende Wo.",
            "relativeTime-type-future": {
              "relativeTimePattern-count-one": "oor {0} Wo.",
              "relativeTimePattern-count-other": "oor {0} Wo."
            },
            "relativeTime-type-past": {
              "relativeTimePattern-count-one": "{0} Wo. gelede",
              "relativeTimePattern-count-other": "{0} Wo. gelede"
            }
          },
          "wed-narrow": {
            "relative-type--1": "verlede Wo.",
            "relative-type-0": "dié Wo.",
            "relative-type-1": "vlg. Wo.",
            "relativeTime-type-future": {
              "relativeTimePattern-count-one": "oor {0} Wo.",
              "relativeTimePattern-count-other": "oor {0} Wo."
            },
            "relativeTime-type-past": {
              "relativeTimePattern-count-one": "{0} Wo. gelede",
              "relativeTimePattern-count-other": "{0} Wo. gelede"
            }
          },
          "thu": {
            "relative-type--1": "verlede Donderdag",
            "relative-type-0": "hierdie Donderdag",
            "relative-type-1": "volgende Donderdag",
            "relativeTime-type-future": {
              "relativeTimePattern-count-one": "oor {0} Donderdag",
              "relativeTimePattern-count-other": "oor {0} Donderdae"
            },
            "relativeTime-type-past": {
              "relativeTimePattern-count-one": "{0} Donderdag gelede",
              "relativeTimePattern-count-other": "{0} Donderdae gelede"
            }
          },
          "thu-short": {
            "relative-type--1": "verlede Do.",
            "relative-type-0": "hierdie Do.",
            "relative-type-1": "volgende Do.",
            "relativeTime-type-future": {
              "relativeTimePattern-count-one": "oor {0} Do.",
              "relativeTimePattern-count-other": "oor {0} Do."
            },
            "relativeTime-type-past": {
              "relativeTimePattern-count-one": "{0} Do. gelede",
              "relativeTimePattern-count-other": "{0} Do. gelede"
            }
          },
          "thu-narrow": {
            "relative-type--1": "verlede Do.",
            "relative-type-0": "dié Do.",
            "relative-type-1": "vlg. Do.",
            "relativeTime-type-future": {
              "relativeTimePattern-count-one": "oor {0} Do.",
              "relativeTimePattern-count-other": "oor {0} Do."
            },
            "relativeTime-type-past": {
              "relativeTimePattern-count-one": "{0} Do. gelede",
              "relativeTimePattern-count-other": "{0} Do. gelede"
            }
          },
          "fri": {
            "relative-type--1": "verlede Vrydag",
            "relative-type-0": "hierdie Vrydag",
            "relative-type-1": "volgende Vrydag",
            "relativeTime-type-future": {
              "relativeTimePattern-count-one": "oor {0} Vrydag",
              "relativeTimePattern-count-other": "oor {0} Vrydae"
            },
            "relativeTime-type-past": {
              "relativeTimePattern-count-one": "{0} Vrydag gelede",
              "relativeTimePattern-count-other": "{0} Vrydae gelede"
            }
          },
          "fri-short": {
            "relative-type--1": "verlede Vr.",
            "relative-type-0": "hierdie Vr.",
            "relative-type-1": "vlg. Vr.",
            "relativeTime-type-future": {
              "relativeTimePattern-count-one": "oor {0} Vr.",
              "relativeTimePattern-count-other": "oor {0} Vr."
            },
            "relativeTime-type-past": {
              "relativeTimePattern-count-one": "{0} Vr. gelede",
              "relativeTimePattern-count-other": "{0} Vr. gelede"
            }
          },
          "fri-narrow": {
            "relative-type--1": "verlede Vr.",
            "relative-type-0": "hierdie Vr.",
            "relative-type-1": "volgende Vr.",
            "relativeTime-type-future": {
              "relativeTimePattern-count-one": "oor {0} Vr.",
              "relativeTimePattern-count-other": "oor {0} Vr."
            },
            "relativeTime-type-past": {
              "relativeTimePattern-count-one": "{0} Vr. gelede",
              "relativeTimePattern-count-other": "{0} Vr. gelede"
            }
          },
          "sat": {
            "relative-type--1": "verlede Saterdag",
            "relative-type-0": "hierdie Saterdag",
            "relative-type-1": "volgende Saterdag",
            "relativeTime-type-future": {
              "relativeTimePattern-count-one": "oor {0} Saterdag",
              "relativeTimePattern-count-other": "oor {0} Saterdae"
            },
            "relativeTime-type-past": {
              "relativeTimePattern-count-one": "{0} Saterdag gelede",
              "relativeTimePattern-count-other": "{0} Saterdae gelede"
            }
          },
          "sat-short": {
            "relative-type--1": "verlede Sa.",
            "relative-type-0": "dié Sa.",
            "relative-type-1": "volgende Sa.",
            "relativeTime-type-future": {
              "relativeTimePattern-count-one": "oor {0} Sa.",
              "relativeTimePattern-count-other": "oor {0} Sa."
            },
            "relativeTime-type-past": {
              "relativeTimePattern-count-one": "{0} Sa. gelede",
              "relativeTimePattern-count-other": "{0} Sa. gelede"
            }
          },
          "sat-narrow": {
            "relative-type--1": "verlede Sa.",
            "relative-type-0": "hierdie Sa.",
            "relative-type-1": "volgende Sa.",
            "relativeTime-type-future": {
              "relativeTimePattern-count-one": "oor {0} Sa.",
              "relativeTimePattern-count-other": "oor {0} Sa."
            },
            "relativeTime-type-past": {
              "relativeTimePattern-count-one": "{0} Sa. gelede",
              "relativeTimePattern-count-other": "{0} Sa. gelede"
            }
          },
          "dayperiod-short": {
            "displayName": "vm./nm."
          },
          "dayperiod": {
            "displayName": "vm./nm."
          },
          "dayperiod-narrow": {
            "displayName": "vm./nm."
          },
          "hour": {
            "displayName": "uur",
            "relative-type-0": "hierdie uur",
            "relativeTime-type-future": {
              "relativeTimePattern-count-one": "oor {0} uur",
              "relativeTimePattern-count-other": "oor {0} uur"
            },
            "relativeTime-type-past": {
              "relativeTimePattern-count-one": "{0} uur gelede",
              "relativeTimePattern-count-other": "{0} uur gelede"
            }
          },
          "hour-short": {
            "displayName": "u.",
            "relative-type-0": "hierdie uur",
            "relativeTime-type-future": {
              "relativeTimePattern-count-one": "oor {0} u.",
              "relativeTimePattern-count-other": "oor {0} u."
            },
            "relativeTime-type-past": {
              "relativeTimePattern-count-one": "{0} u. gelede",
              "relativeTimePattern-count-other": "{0} u. gelede"
            }
          },
          "hour-narrow": {
            "displayName": "u.",
            "relative-type-0": "hierdie uur",
            "relativeTime-type-future": {
              "relativeTimePattern-count-one": "oor {0} u.",
              "relativeTimePattern-count-other": "oor {0} u."
            },
            "relativeTime-type-past": {
              "relativeTimePattern-count-one": "{0} u. gelede",
              "relativeTimePattern-count-other": "{0} u. gelede"
            }
          },
          "minute": {
            "displayName": "minuut",
            "relative-type-0": "hierdie minuut",
            "relativeTime-type-future": {
              "relativeTimePattern-count-one": "oor {0} minuut",
              "relativeTimePattern-count-other": "oor {0} minute"
            },
            "relativeTime-type-past": {
              "relativeTimePattern-count-one": "{0} minuut gelede",
              "relativeTimePattern-count-other": "{0} minute gelede"
            }
          },
          "minute-short": {
            "displayName": "min.",
            "relative-type-0": "hierdie minuut",
            "relativeTime-type-future": {
              "relativeTimePattern-count-one": "oor {0} min.",
              "relativeTimePattern-count-other": "oor {0} min."
            },
            "relativeTime-type-past": {
              "relativeTimePattern-count-one": "{0} min. gelede",
              "relativeTimePattern-count-other": "{0} min. gelede"
            }
          },
          "minute-narrow": {
            "displayName": "m.",
            "relative-type-0": "hierdie minuut",
            "relativeTime-type-future": {
              "relativeTimePattern-count-one": "oor {0} min.",
              "relativeTimePattern-count-other": "oor {0} min."
            },
            "relativeTime-type-past": {
              "relativeTimePattern-count-one": "{0} min. gelede",
              "relativeTimePattern-count-other": "{0} min. gelede"
            }
          },
          "second": {
            "displayName": "sekonde",
            "relative-type-0": "nou",
            "relativeTime-type-future": {
              "relativeTimePattern-count-one": "oor {0} sekonde",
              "relativeTimePattern-count-other": "oor {0} sekondes"
            },
            "relativeTime-type-past": {
              "relativeTimePattern-count-one": "{0} sekonde gelede",
              "relativeTimePattern-count-other": "{0} sekondes gelede"
            }
          },
          "second-short": {
            "displayName": "s.",
            "relative-type-0": "nou",
            "relativeTime-type-future": {
              "relativeTimePattern-count-one": "oor {0} s.",
              "relativeTimePattern-count-other": "oor {0} s."
            },
            "relativeTime-type-past": {
              "relativeTimePattern-count-one": "{0} s. gelede",
              "relativeTimePattern-count-other": "{0} s. gelede"
            }
          },
          "second-narrow": {
            "displayName": "s.",
            "relative-type-0": "nou",
            "relativeTime-type-future": {
              "relativeTimePattern-count-one": "oor {0} s.",
              "relativeTimePattern-count-other": "oor {0} s."
            },
            "relativeTime-type-past": {
              "relativeTimePattern-count-one": "{0} s. gelede",
              "relativeTimePattern-count-other": "{0} s. gelede"
            }
          },
          "zone": {
            "displayName": "tydsone"
          },
          "zone-short": {
            "displayName": "sone"
          },
          "zone-narrow": {
            "displayName": "sone"
          }
        }
      }
    }
  }
}
