{
  "main": {
    "am": {
      "identity": {
        "version": {
          "_cldrVersion": "37"
        },
        "language": "am"
      },
      "localeDisplayNames": {
        "scripts": {
          "Adlm": "Adlm",
          "Aghb": "Aghb",
          "Ahom": "Ahom",
          "Arab": "ዓረብኛ",
          "Arab-alt-variant": "ፔርሶ - አረቢክ",
          "Aran": "Aran",
          "Armi": "Armi",
          "Armn": "አርሜንያዊ",
          "Avst": "Avst",
          "Bali": "Bali",
          "Bamu": "Bamu",
          "Bass": "Bass",
          "Batk": "Batk",
          "Beng": "ቤንጋሊ",
          "Bhks": "Bhks",
          "Bopo": "ቦፖሞፎ",
          "Brah": "Brah",
          "Brai": "ብሬይል",
          "Bugi": "Bugi",
          "Buhd": "Buhd",
          "Cakm": "Cakm",
          "Cans": "Cans",
          "Cari": "Cari",
          "Cham": "Cham",
          "Cher": "Cher",
          "Chrs": "Chrs",
          "Copt": "Copt",
          "Cprt": "Cprt",
          "Cyrl": "ሲይሪልክ",
          "Deva": "ደቫንጋሪ",
          "Diak": "Diak",
          "Dogr": "Dogr",
          "Dsrt": "Dsrt",
          "Dupl": "Dupl",
          "Egyp": "Egyp",
          "Elba": "Elba",
          "Elym": "Elym",
          "Ethi": "ኢትዮፒክ",
          "Geor": "ጆርጂያዊ",
          "Glag": "Glag",
          "Gong": "Gong",
          "Gonm": "Gonm",
          "Goth": "Goth",
          "Gran": "Gran",
          "Grek": "ግሪክ",
          "Gujr": "ጉጃራቲ",
          "Guru": "ጉርሙኪ",
          "Hanb": "ሃንብ",
          "Hang": "ሐንጉል",
          "Hani": "ሃን",
          "Hano": "Hano",
          "Hans": "ቀለል ያለ",
          "Hans-alt-stand-alone": "ቀለል ያለ ሃን",
          "Hant": "ባህላዊ",
          "Hant-alt-stand-alone": "ባህላዊ ሃን",
          "Hatr": "Hatr",
          "Hebr": "እብራይስጥ",
          "Hira": "ሂራጋና",
          "Hluw": "Hluw",
          "Hmng": "Hmng",
          "Hmnp": "Hmnp",
          "Hrkt": "ካታካና ወይንም ሂራጋና",
          "Hung": "Hung",
          "Ital": "Ital",
          "Jamo": "ጃሞ",
          "Java": "Java",
          "Jpan": "ጃፓንኛ",
          "Kali": "Kali",
          "Kana": "ካታካና",
          "Khar": "Khar",
          "Khmr": "ክህመር",
          "Khoj": "Khoj",
          "Kits": "Kits",
          "Knda": "ካንአዳ",
          "Kore": "ኮሪያኛ",
          "Kthi": "Kthi",
          "Lana": "Lana",
          "Laoo": "ላኦ",
          "Latn": "ላቲን",
          "Lepc": "Lepc",
          "Limb": "Limb",
          "Lina": "Lina",
          "Linb": "Linb",
          "Lisu": "Lisu",
          "Lyci": "Lyci",
          "Lydi": "Lydi",
          "Mahj": "Mahj",
          "Maka": "Maka",
          "Mand": "Mand",
          "Mani": "Mani",
          "Marc": "Marc",
          "Medf": "Medf",
          "Mend": "Mend",
          "Merc": "Merc",
          "Mero": "Mero",
          "Mlym": "ማላያልም",
          "Modi": "Modi",
          "Mong": "ሞንጎሊያኛ",
          "Mroo": "Mroo",
          "Mtei": "Mtei",
          "Mult": "Mult",
          "Mymr": "ምያንማር",
          "Nand": "Nand",
          "Narb": "Narb",
          "Nbat": "Nbat",
          "Newa": "Newa",
          "Nkoo": "Nkoo",
          "Nshu": "Nshu",
          "Ogam": "Ogam",
          "Olck": "Olck",
          "Orkh": "Orkh",
          "Orya": "ኦሪያ",
          "Osge": "Osge",
          "Osma": "Osma",
          "Palm": "Palm",
          "Pauc": "Pauc",
          "Perm": "Perm",
          "Phag": "Phag",
          "Phli": "Phli",
          "Phlp": "Phlp",
          "Phnx": "Phnx",
          "Plrd": "Plrd",
          "Prti": "Prti",
          "Qaag": "Qaag",
          "Rjng": "Rjng",
          "Rohg": "Rohg",
          "Runr": "Runr",
          "Samr": "Samr",
          "Sarb": "Sarb",
          "Saur": "Saur",
          "Sgnw": "Sgnw",
          "Shaw": "Shaw",
          "Shrd": "Shrd",
          "Sidd": "Sidd",
          "Sind": "Sind",
          "Sinh": "ሲንሃላ",
          "Sogd": "Sogd",
          "Sogo": "Sogo",
          "Sora": "Sora",
          "Soyo": "Soyo",
          "Sund": "Sund",
          "Sylo": "Sylo",
          "Syrc": "Syrc",
          "Tagb": "Tagb",
          "Takr": "Takr",
          "Tale": "Tale",
          "Talu": "Talu",
          "Taml": "ታሚል",
          "Tang": "Tang",
          "Tavt": "Tavt",
          "Telu": "ተሉጉ",
          "Tfng": "Tfng",
          "Tglg": "Tglg",
          "Thaa": "ታና",
          "Thai": "ታይ",
          "Tibt": "ቲቤታን",
          "Tirh": "Tirh",
          "Ugar": "Ugar",
          "Vaii": "Vaii",
          "Wara": "Wara",
          "Wcho": "Wcho",
          "Xpeo": "Xpeo",
          "Xsux": "Xsux",
          "Yezi": "Yezi",
          "Yiii": "Yiii",
          "Zanb": "Zanb",
          "Zinh": "Zinh",
          "Zmth": "የሂሳብ መግለጫ",
          "Zsye": "ኢሞጂ",
          "Zsym": "ምልክቶች",
          "Zxxx": "ያልተጻፈ",
          "Zyyy": "የጋራ",
          "Zzzz": "ያልታወቀ ስክሪፕት"
        }
      }
    }
  }
}
