{
  "main": {
    "af": {
      "identity": {
        "version": {
          "_cldrVersion": "37"
        },
        "language": "af"
      },
      "dates": {
        "calendars": {
          "gregorian": {
            "months": {
              "format": {
                "abbreviated": {
                  "1": "Jan.",
                  "2": "Feb.",
                  "3": "Mrt.",
                  "4": "Apr.",
                  "5": "Mei",
                  "6": "Jun.",
                  "7": "Jul.",
                  "8": "Aug.",
                  "9": "Sep.",
                  "10": "Okt.",
                  "11": "Nov.",
                  "12": "Des."
                },
                "narrow": {
                  "1": "J",
                  "2": "F",
                  "3": "M",
                  "4": "A",
                  "5": "M",
                  "6": "J",
                  "7": "J",
                  "8": "A",
                  "9": "S",
                  "10": "O",
                  "11": "N",
                  "12": "D"
                },
                "wide": {
                  "1": "Januarie",
                  "2": "Februarie",
                  "3": "Maart",
                  "4": "April",
                  "5": "Mei",
                  "6": "Junie",
                  "7": "Julie",
                  "8": "Augustus",
                  "9": "September",
                  "10": "Oktober",
                  "11": "November",
                  "12": "Desember"
                }
              },
              "stand-alone": {
                "abbreviated": {
                  "1": "Jan.",
                  "2": "Feb.",
                  "3": "Mrt.",
                  "4": "Apr.",
                  "5": "Mei",
                  "6": "Jun.",
                  "7": "Jul.",
                  "8": "Aug.",
                  "9": "Sep.",
                  "10": "Okt.",
                  "11": "Nov.",
                  "12": "Des."
                },
                "narrow": {
                  "1": "J",
                  "2": "F",
                  "3": "M",
                  "4": "A",
                  "5": "M",
                  "6": "J",
                  "7": "J",
                  "8": "A",
                  "9": "S",
                  "10": "O",
                  "11": "N",
                  "12": "D"
                },
                "wide": {
                  "1": "Januarie",
                  "2": "Februarie",
                  "3": "Maart",
                  "4": "April",
                  "5": "Mei",
                  "6": "Junie",
                  "7": "Julie",
                  "8": "Augustus",
                  "9": "September",
                  "10": "Oktober",
                  "11": "November",
                  "12": "Desember"
                }
              }
            },
            "days": {
              "format": {
                "abbreviated": {
                  "sun": "So.",
                  "mon": "Ma.",
                  "tue": "Di.",
                  "wed": "Wo.",
                  "thu": "Do.",
                  "fri": "Vr.",
                  "sat": "Sa."
                },
                "narrow": {
                  "sun": "S",
                  "mon": "M",
                  "tue": "D",
                  "wed": "W",
                  "thu": "D",
                  "fri": "V",
                  "sat": "S"
                },
                "short": {
                  "sun": "So.",
                  "mon": "Ma.",
                  "tue": "Di.",
                  "wed": "Wo.",
                  "thu": "Do.",
                  "fri": "Vr.",
                  "sat": "Sa."
                },
                "wide": {
                  "sun": "Sondag",
                  "mon": "Maandag",
                  "tue": "Dinsdag",
                  "wed": "Woensdag",
                  "thu": "Donderdag",
                  "fri": "Vrydag",
                  "sat": "Saterdag"
                }
              },
              "stand-alone": {
                "abbreviated": {
                  "sun": "So.",
                  "mon": "Ma.",
                  "tue": "Di.",
                  "wed": "Wo.",
                  "thu": "Do.",
                  "fri": "Vr.",
                  "sat": "Sa."
                },
                "narrow": {
                  "sun": "S",
                  "mon": "M",
                  "tue": "D",
                  "wed": "W",
                  "thu": "D",
                  "fri": "V",
                  "sat": "S"
                },
                "short": {
                  "sun": "So.",
                  "mon": "Ma.",
                  "tue": "Di.",
                  "wed": "Wo.",
                  "thu": "Do.",
                  "fri": "Vr.",
                  "sat": "Sa."
                },
                "wide": {
                  "sun": "Sondag",
                  "mon": "Maandag",
                  "tue": "Dinsdag",
                  "wed": "Woensdag",
                  "thu": "Donderdag",
                  "fri": "Vrydag",
                  "sat": "Saterdag"
                }
              }
            },
            "quarters": {
              "format": {
                "abbreviated": {
                  "1": "K1",
                  "2": "K2",
                  "3": "K3",
                  "4": "K4"
                },
                "narrow": {
                  "1": "1",
                  "2": "2",
                  "3": "3",
                  "4": "4"
                },
                "wide": {
                  "1": "1ste kwartaal",
                  "2": "2de kwartaal",
                  "3": "3de kwartaal",
                  "4": "4de kwartaal"
                }
              },
              "stand-alone": {
                "abbreviated": {
                  "1": "K1",
                  "2": "K2",
                  "3": "K3",
                  "4": "K4"
                },
                "narrow": {
                  "1": "1",
                  "2": "2",
                  "3": "3",
                  "4": "4"
                },
                "wide": {
                  "1": "1ste kwartaal",
                  "2": "2de kwartaal",
                  "3": "3de kwartaal",
                  "4": "4de kwartaal"
                }
              }
            },
            "dayPeriods": {
              "format": {
                "abbreviated": {
                  "midnight": "middernag",
                  "am": "vm.",
                  "pm": "nm.",
                  "morning1": "die oggend",
                  "afternoon1": "die middag",
                  "evening1": "die aand",
                  "night1": "die nag"
                },
                "narrow": {
                  "midnight": "mn",
                  "am": "v",
                  "pm": "n",
                  "morning1": "o",
                  "afternoon1": "m",
                  "evening1": "a",
                  "night1": "n"
                },
                "wide": {
                  "midnight": "middernag",
                  "am": "vm.",
                  "pm": "nm.",
                  "morning1": "die oggend",
                  "afternoon1": "die middag",
                  "evening1": "die aand",
                  "night1": "die nag"
                }
              },
              "stand-alone": {
                "abbreviated": {
                  "midnight": "middernag",
                  "am": "vm.",
                  "pm": "nm.",
                  "morning1": "oggend",
                  "afternoon1": "middag",
                  "evening1": "aand",
                  "night1": "nag"
                },
                "narrow": {
                  "midnight": "mn",
                  "am": "v",
                  "pm": "n",
                  "morning1": "o",
                  "afternoon1": "m",
                  "evening1": "a",
                  "night1": "n"
                },
                "wide": {
                  "midnight": "middernag",
                  "am": "vm.",
                  "pm": "nm.",
                  "morning1": "oggend",
                  "afternoon1": "middag",
                  "evening1": "aand",
                  "night1": "nag"
                }
              }
            },
            "eras": {
              "eraNames": {
                "0": "voor Christus",
                "0-alt-variant": "voor die gewone jaartelling",
                "1": "na Christus",
                "1-alt-variant": "gewone jaartelling"
              },
              "eraAbbr": {
                "0": "v.C.",
                "0-alt-variant": "v.g.j.",
                "1": "n.C.",
                "1-alt-variant": "g.j."
              },
              "eraNarrow": {
                "0": "v.C.",
                "0-alt-variant": "v.g.j.",
                "1": "n.C.",
                "1-alt-variant": "g.j."
              }
            },
            "dateFormats": {
              "full": "EEEE dd MMMM y",
              "long": "dd MMMM y",
              "medium": "dd MMM y",
              "short": "y-MM-dd"
            },
            "timeFormats": {
              "full": "HH:mm:ss zzzz",
              "long": "HH:mm:ss z",
              "medium": "HH:mm:ss",
              "short": "HH:mm"
            },
            "dateTimeFormats": {
              "full": "{1} {0}",
              "long": "{1} {0}",
              "medium": "{1} {0}",
              "short": "{1} {0}",
              "availableFormats": {
                "Bh": "h B",
                "Bhm": "hh:mm B",
                "Bhms": "hh:mm:ss B",
                "d": "d",
                "E": "ccc",
                "EBhm": "E hh:mm B",
                "EBhms": "E hh:mm:ss B",
                "Ed": "E d",
                "Ehm": "E hh:mm a",
                "EHm": "E HH:mm",
                "Ehms": "E hh:mm:ss a",
                "EHms": "E HH:mm:ss",
                "Gy": "y G",
                "GyMMM": "MMM y G",
                "GyMMMd": "dd MMM y G",
                "GyMMMEd": "E dd MMM y G",
                "h": "h a",
                "H": "HH",
                "hm": "h:mm a",
                "Hm": "HH:mm",
                "hms": "h:mm:ss a",
                "Hms": "HH:mm:ss",
                "hmsv": "h:mm:ss a v",
                "Hmsv": "HH:mm:ss v",
                "hmv": "h:mm a v",
                "Hmv": "HH:mm v",
                "M": "L",
                "Md": "dd-MM",
                "MEd": "E d/M",
                "MMM": "LLL",
                "MMMd": "d MMM",
                "MMMEd": "E d MMM",
                "MMMMd": "d MMMM",
                "MMMMEd": "E d MMMM",
                "MMMMW-count-one": "'week' W 'van' MMMM",
                "MMMMW-count-other": "'week' W 'van' MMMM",
                "ms": "mm:ss",
                "y": "y",
                "yM": "MM-y",
                "yMd": "y-MM-dd",
                "yMEd": "E y-MM-dd",
                "yMMM": "MMM y",
                "yMMMd": "d MMM y",
                "yMMMEd": "E d MMM y",
                "yMMMM": "MMMM y",
                "yQQQ": "QQQ y",
                "yQQQQ": "QQQQ y",
                "yw-count-one": "'week' w 'van' Y",
                "yw-count-other": "'week' w 'van' Y"
              },
              "appendItems": {
                "Day": "{0} ({2}: {1})",
                "Day-Of-Week": "{0} {1}",
                "Era": "{1} {0}",
                "Hour": "{0} ({2}: {1})",
                "Minute": "{0} ({2}: {1})",
                "Month": "{0} ({2}: {1})",
                "Quarter": "{0} ({2}: {1})",
                "Second": "{0} ({2}: {1})",
                "Timezone": "{0} {1}",
                "Week": "{0} ({2}: {1})",
                "Year": "{1} {0}"
              },
              "intervalFormats": {
                "intervalFormatFallback": "{0} – {1}",
                "Bh": {
                  "B": "h B – h B",
                  "h": "h–h B"
                },
                "Bhm": {
                  "B": "hh:mm B – hh:mm B",
                  "h": "hh:mm B – hh:mm B",
                  "m": "hh:mm–hh:mm"
                },
                "d": {
                  "d": "d–d"
                },
                "Gy": {
                  "G": "y G – y G",
                  "y": "y – y G"
                },
                "GyM": {
                  "G": "y-M GGGGG – y-M GGGGG",
                  "M": "y-M – y-M GGGGG",
                  "y": "y-M – y-M GGGGG"
                },
                "GyMd": {
                  "d": "y-M-d – y-M-d GGGGG",
                  "G": "y-M-d GGGGG – y-M-d GGGGG",
                  "M": "y-M-d – y-M-d GGGGG",
                  "y": "y-M-d – y-M-d GGGGG"
                },
                "GyMEd": {
                  "d": "E y-M-d – E y-M-d GGGGG",
                  "G": "E y-M-d GGGGG – E y-M-d GGGGG",
                  "M": "E y-M-d – E y-M-d GGGGG",
                  "y": "E y-M-d – E y-M-d GGGGG"
                },
                "GyMMM": {
                  "G": "MMM y G – MMM y G",
                  "M": "MMM – MMM y G",
                  "y": "MMM y – MMM y G"
                },
                "GyMMMd": {
                  "d": "d–d MMM y G",
                  "G": "d MMM y G – d MMM y G",
                  "M": "d MMM – d MMM y G",
                  "y": "d MMM y – d MMM y G"
                },
                "GyMMMEd": {
                  "d": "E d MMM – E d MMM y G",
                  "G": "E d MMM y G – E d MMM y G",
                  "M": "E d MMM – E d MMM y G",
                  "y": "E d MMM y – E d MMM y G"
                },
                "h": {
                  "a": "h a – h a",
                  "h": "h – h a"
                },
                "H": {
                  "H": "HH–HH"
                },
                "hm": {
                  "a": "h:mm a – h:mm a",
                  "h": "h:mm – h:mm a",
                  "m": "h:mm – h:mm a"
                },
                "Hm": {
                  "H": "HH:mm–HH:mm",
                  "m": "HH:mm–HH:mm"
                },
                "hmv": {
                  "a": "h:mm a – h:mm a v",
                  "h": "h:mm a – h:mm a v",
                  "m": "h:mm a – h:mm a v"
                },
                "Hmv": {
                  "H": "HH:mm–HH:mm v",
                  "m": "HH:mm–HH:mm v"
                },
                "hv": {
                  "a": "h a – h a v",
                  "h": "h – h a v"
                },
                "Hv": {
                  "H": "HH–HH v"
                },
                "M": {
                  "M": "M–M"
                },
                "Md": {
                  "d": "d/M – d/M",
                  "M": "d/M – d/M"
                },
                "MEd": {
                  "d": "E d/M – E d/M",
                  "M": "E d/M – E d/M"
                },
                "MMM": {
                  "M": "MMM–MMM"
                },
                "MMMd": {
                  "d": "d–d MMM",
                  "M": "d MMM – d MMM"
                },
                "MMMEd": {
                  "d": "E d MMM – E d MMM",
                  "M": "E d MMM – E d MMM"
                },
                "y": {
                  "y": "y–y"
                },
                "yM": {
                  "M": "M/y – M/y",
                  "y": "M/y – M/y"
                },
                "yMd": {
                  "d": "d/M/y – d/M/y",
                  "M": "d/M/y – d/M/y",
                  "y": "d/M/y – d/M/y"
                },
                "yMEd": {
                  "d": "E d/M/y – E d/M/y",
                  "M": "E d/M/y – E d/M/y",
                  "y": "E d/M/y – E d/M/y"
                },
                "yMMM": {
                  "M": "MMM–MMM y",
                  "y": "MMM y – MMM y"
                },
                "yMMMd": {
                  "d": "d–d MMM y",
                  "M": "d MMM – d MMM y",
                  "y": "d MMM y – d MMM y"
                },
                "yMMMEd": {
                  "d": "E d MMM – E d MMM y",
                  "M": "E d MMM – E d MMM y",
                  "y": "E d MMM y – E d MMM y"
                },
                "yMMMM": {
                  "M": "MMMM – MMMM y",
                  "y": "MMMM y – MMMM y"
                }
              }
            }
          }
        }
      }
    }
  }
}
