{
  "main": {
    "ar-MR": {
      "identity": {
        "version": {
          "_cldrVersion": "37"
        },
        "language": "ar",
        "territory": "MR"
      },
      "localeDisplayNames": {
        "variants": {
          "1901": "التهجئة الألمانية التقليدية",
          "1994": "1994",
          "1996": "التهجئة الألمانية لعام 1996",
          "1606NICT": "1606NICT",
          "1694ACAD": "1694ACAD",
          "1959ACAD": "أكاديمي",
          "ABL1943": "ABL1943",
          "AKUAPEM": "AKUAPEM",
          "ALALC97": "ALALC97",
          "ALUKU": "ALUKU",
          "AO1990": "AO1990",
          "ARANES": "ARANES",
          "AREVELA": "أرمنية شرقية",
          "AREVMDA": "أرمنية غربية",
          "ASANTE": "ASANTE",
          "AUVERN": "AUVERN",
          "BAKU1926": "الأبجدية التركية اللاتينية الموحدة",
          "BALANKA": "BALANKA",
          "BARLA": "BARLA",
          "BASICENG": "BASICENG",
          "BAUDDHA": "BAUDDHA",
          "BISCAYAN": "BISCAYAN",
          "BISKE": "BISKE",
          "BOHORIC": "BOHORIC",
          "BOONT": "BOONT",
          "BORNHOLM": "BORNHOLM",
          "CISAUP": "CISAUP",
          "COLB1945": "COLB1945",
          "CORNU": "CORNU",
          "CREISS": "CREISS",
          "DAJNKO": "DAJNKO",
          "EKAVSK": "EKAVSK",
          "EMODENG": "EMODENG",
          "FONIPA": "FONIPA",
          "FONKIRSH": "FONKIRSH",
          "FONNAPA": "FONNAPA",
          "FONUPA": "FONUPA",
          "FONXSAMP": "FONXSAMP",
          "GASCON": "GASCON",
          "GRCLASS": "GRCLASS",
          "GRITAL": "GRITAL",
          "GRMISTR": "GRMISTR",
          "HEPBURN": "HEPBURN",
          "HOGNORSK": "HOGNORSK",
          "HSISTEMO": "HSISTEMO",
          "IJEKAVSK": "IJEKAVSK",
          "ITIHASA": "ITIHASA",
          "IVANCHOV": "IVANCHOV",
          "JAUER": "JAUER",
          "JYUTPING": "JYUTPING",
          "KKCOR": "التهجئة العامة",
          "KOCIEWIE": "KOCIEWIE",
          "KSCOR": "KSCOR",
          "LAUKIKA": "LAUKIKA",
          "LEMOSIN": "LEMOSIN",
          "LENGADOC": "LENGADOC",
          "LIPAW": "LIPAW",
          "LUNA1918": "LUNA1918",
          "METELKO": "METELKO",
          "MONOTON": "أحادي النغمة",
          "NDYUKA": "NDYUKA",
          "NEDIS": "لهجة ناتيسون",
          "NEWFOUND": "NEWFOUND",
          "NICARD": "NICARD",
          "NJIVA": "NJIVA",
          "NULIK": "NULIK",
          "OSOJS": "OSOJS",
          "OXENDICT": "OXENDICT",
          "PAHAWH2": "PAHAWH2",
          "PAHAWH3": "PAHAWH3",
          "PAHAWH4": "PAHAWH4",
          "PAMAKA": "PAMAKA",
          "PETR1708": "PETR1708",
          "PINYIN": "بينيين باللاتينية",
          "POLYTON": "متعدد النغمات",
          "POSIX": "حاسوب",
          "PROVENC": "PROVENC",
          "PUTER": "PUTER",
          "REVISED": "تهجئة تمت مراجعتها",
          "RIGIK": "RIGIK",
          "ROZAJ": "ROZAJ",
          "RUMGR": "RUMGR",
          "SAAHO": "SAAHO",
          "SCOTLAND": "الإنجليزية الأسكتلندنية الرسمية",
          "SCOUSE": "SCOUSE",
          "SIMPLE": "SIMPLE",
          "SOLBA": "SOLBA",
          "SOTAV": "SOTAV",
          "SPANGLIS": "SPANGLIS",
          "SURMIRAN": "SURMIRAN",
          "SURSILV": "SURSILV",
          "SUTSILV": "SUTSILV",
          "TARASK": "TARASK",
          "UCCOR": "التهجئة الموحدة",
          "UCRCOR": "التهجئة المراجعة الموحدة",
          "ULSTER": "ULSTER",
          "UNIFON": "UNIFON",
          "VAIDIKA": "VAIDIKA",
          "VALENCIA": "بلنسية",
          "VALLADER": "VALLADER",
          "VIVARAUP": "VIVARAUP",
          "WADEGILE": "المندرين باللاتينية - ويد–جيلز",
          "XSISTEMO": "XSISTEMO"
        }
      }
    }
  }
}
